ISBN	Last Target	Last Attempted	Fail Count	Last Error
9780984314515	ashalumni	2026-03-03T20:54:56+00:00	1	Not found in: Harvard LibraryCloud, Library of Congress | Other errors: OpenLibrary: name 'validate_lccn' is not defined ; Oxford: Z39.50 support not available - install PyZ3950 ; Toronto: Z39.50 support not available - install PyZ3950 ; NYC: Z39.50 support not available - install PyZ3950 ; UAlberta: Z39.50 support not available - install PyZ3950 ; ashalumni: Z39.50 support not available - install PyZ3950
9780271007410	ashalumni	2026-03-03T20:54:58+00:00	1	Not found in: Harvard LibraryCloud, Library of Congress | Other errors: OpenLibrary: name 'validate_lccn' is not defined ; Oxford: Z39.50 support not available - install PyZ3950 ; Toronto: Z39.50 support not available - install PyZ3950 ; NYC: Z39.50 support not available - install PyZ3950 ; UAlberta: Z39.50 support not available - install PyZ3950 ; ashalumni: Z39.50 support not available - install PyZ3950
9780521616287	ashalumni	2026-03-03T20:55:01+00:00	1	Not found in: Harvard LibraryCloud, Library of Congress | Other errors: OpenLibrary: name 'validate_lccn' is not defined ; Oxford: Z39.50 support not available - install PyZ3950 ; Toronto: Z39.50 support not available - install PyZ3950 ; NYC: Z39.50 support not available - install PyZ3950 ; UAlberta: Z39.50 support not available - install PyZ3950 ; ashalumni: Z39.50 support not available - install PyZ3950
9780826608437	ashalumni	2026-03-03T20:55:02+00:00	1	Not found in: Harvard LibraryCloud, Library of Congress | Other errors: OpenLibrary: name 'validate_lccn' is not defined ; Oxford: Z39.50 support not available - install PyZ3950 ; Toronto: Z39.50 support not available - install PyZ3950 ; NYC: Z39.50 support not available - install PyZ3950 ; UAlberta: Z39.50 support not available - install PyZ3950 ; ashalumni: Z39.50 support not available - install PyZ3950
9780989055406	ashalumni	2026-03-03T20:55:04+00:00	1	Not found in: Harvard LibraryCloud, Library of Congress | Other errors: OpenLibrary: name 'validate_lccn' is not defined ; Oxford: Z39.50 support not available - install PyZ3950 ; Toronto: Z39.50 support not available - install PyZ3950 ; NYC: Z39.50 support not available - install PyZ3950 ; UAlberta: Z39.50 support not available - install PyZ3950 ; ashalumni: Z39.50 support not available - install PyZ3950
9781558628	ashalumni	2026-03-03T20:55:09+00:00	1	Not found in: OpenLibrary, Harvard LibraryCloud, Library of Congress | Other errors: Oxford: Z39.50 support not available - install PyZ3950 ; Toronto: Z39.50 support not available - install PyZ3950 ; NYC: Z39.50 support not available - install PyZ3950 ; UAlberta: Z39.50 support not available - install PyZ3950 ; ashalumni: Z39.50 support not available - install PyZ3950
9781933967332	ashalumni	2026-03-03T20:55:10+00:00	1	Not found in: Harvard LibraryCloud, Library of Congress | Other errors: OpenLibrary: name 'validate_lccn' is not defined ; Oxford: Z39.50 support not available - install PyZ3950 ; Toronto: Z39.50 support not available - install PyZ3950 ; NYC: Z39.50 support not available - install PyZ3950 ; UAlberta: Z39.50 support not available - install PyZ3950 ; ashalumni: Z39.50 support not available - install PyZ3950
9781118727997	ashalumni	2026-03-03T20:55:12+00:00	1	Not found in: Harvard LibraryCloud, Library of Congress | Other errors: OpenLibrary: name 'validate_lccn' is not defined ; Oxford: Z39.50 support not available - install PyZ3950 ; Toronto: Z39.50 support not available - install PyZ3950 ; NYC: Z39.50 support not available - install PyZ3950 ; UAlberta: Z39.50 support not available - install PyZ3950 ; ashalumni: Z39.50 support not available - install PyZ3950
9782296139015	ashalumni	2026-03-03T20:55:13+00:00	1	Not found in: Harvard LibraryCloud, Library of Congress | Other errors: OpenLibrary: name 'validate_lccn' is not defined ; Oxford: Z39.50 support not available - install PyZ3950 ; Toronto: Z39.50 support not available - install PyZ3950 ; NYC: Z39.50 support not available - install PyZ3950 ; UAlberta: Z39.50 support not available - install PyZ3950 ; ashalumni: Z39.50 support not available - install PyZ3950
9786022042358	ashalumni	2026-03-03T20:55:16+00:00	1	Not found in: Harvard LibraryCloud, Library of Congress | Other errors: OpenLibrary: name 'validate_lccn' is not defined ; Oxford: Z39.50 support not available - install PyZ3950 ; Toronto: Z39.50 support not available - install PyZ3950 ; NYC: Z39.50 support not available - install PyZ3950 ; UAlberta: Z39.50 support not available - install PyZ3950 ; ashalumni: Z39.50 support not available - install PyZ3950
9787544912358	ashalumni	2026-03-03T20:55:17+00:00	1	Not found in: Harvard LibraryCloud, Library of Congress | Other errors: OpenLibrary: name 'validate_lccn' is not defined ; Oxford: Z39.50 support not available - install PyZ3950 ; Toronto: Z39.50 support not available - install PyZ3950 ; NYC: Z39.50 support not available - install PyZ3950 ; UAlberta: Z39.50 support not available - install PyZ3950 ; ashalumni: Z39.50 support not available - install PyZ3950
9788498165821	ashalumni	2026-03-03T20:55:19+00:00	1	Not found in: Harvard LibraryCloud, Library of Congress | Other errors: OpenLibrary: name 'validate_lccn' is not defined ; Oxford: Z39.50 support not available - install PyZ3950 ; Toronto: Z39.50 support not available - install PyZ3950 ; NYC: Z39.50 support not available - install PyZ3950 ; UAlberta: Z39.50 support not available - install PyZ3950 ; ashalumni: Z39.50 support not available - install PyZ3950
9788849211849	ashalumni	2026-03-03T20:55:21+00:00	1	Not found in: Harvard LibraryCloud, Library of Congress | Other errors: OpenLibrary: name 'validate_lccn' is not defined ; Oxford: Z39.50 support not available - install PyZ3950 ; Toronto: Z39.50 support not available - install PyZ3950 ; NYC: Z39.50 support not available - install PyZ3950 ; UAlberta: Z39.50 support not available - install PyZ3950 ; ashalumni: Z39.50 support not available - install PyZ3950
9788849211856	ashalumni	2026-03-03T20:55:22+00:00	1	Not found in: Harvard LibraryCloud | Other errors: OpenLibrary: name 'validate_lccn' is not defined ; Library of Congress: [WinError 10054] An existing connection was forcibly closed by the remote host ; Oxford: Z39.50 support not available - install PyZ3950 ; Toronto: Z39.50 support not available - install PyZ3950 ; NYC: Z39.50 support not available - install PyZ3950 ; UAlberta: Z39.50 support not available - install PyZ3950 ; ashalumni: Z39.50 support not available - install PyZ3950
9788878204089	ashalumni	2026-03-03T20:55:24+00:00	1	Not found in: Harvard LibraryCloud | Other errors: OpenLibrary: name 'validate_lccn' is not defined ; Library of Congress: Remote end closed connection without response ; Oxford: Z39.50 support not available - install PyZ3950 ; Toronto: Z39.50 support not available - install PyZ3950 ; NYC: Z39.50 support not available - install PyZ3950 ; UAlberta: Z39.50 support not available - install PyZ3950 ; ashalumni: Z39.50 support not available - install PyZ3950
9788876181320	ashalumni	2026-03-03T20:55:25+00:00	1	Not found in: OpenLibrary, Harvard LibraryCloud | Other errors: Library of Congress: Remote end closed connection without response ; Oxford: Z39.50 support not available - install PyZ3950 ; Toronto: Z39.50 support not available - install PyZ3950 ; NYC: Z39.50 support not available - install PyZ3950 ; UAlberta: Z39.50 support not available - install PyZ3950 ; ashalumni: Z39.50 support not available - install PyZ3950
9788876181474	ashalumni	2026-03-03T20:55:27+00:00	1	Not found in: OpenLibrary, Harvard LibraryCloud | Other errors: Library of Congress: Remote end closed connection without response ; Oxford: Z39.50 support not available - install PyZ3950 ; Toronto: Z39.50 support not available - install PyZ3950 ; NYC: Z39.50 support not available - install PyZ3950 ; UAlberta: Z39.50 support not available - install PyZ3950 ; ashalumni: Z39.50 support not available - install PyZ3950
9788984323629	ashalumni	2026-03-03T20:55:28+00:00	1	Not found in: OpenLibrary, Harvard LibraryCloud | Other errors: Library of Congress: Remote end closed connection without response ; Oxford: Z39.50 support not available - install PyZ3950 ; Toronto: Z39.50 support not available - install PyZ3950 ; NYC: Z39.50 support not available - install PyZ3950 ; UAlberta: Z39.50 support not available - install PyZ3950 ; ashalumni: Z39.50 support not available - install PyZ3950
9789600223088	ashalumni	2026-03-03T20:55:29+00:00	1	Not found in: Harvard LibraryCloud | Other errors: OpenLibrary: name 'validate_lccn' is not defined ; Library of Congress: Remote end closed connection without response ; Oxford: Z39.50 support not available - install PyZ3950 ; Toronto: Z39.50 support not available - install PyZ3950 ; NYC: Z39.50 support not available - install PyZ3950 ; UAlberta: Z39.50 support not available - install PyZ3950 ; ashalumni: Z39.50 support not available - install PyZ3950
9789609831253	ashalumni	2026-03-03T20:55:31+00:00	1	Not found in: Harvard LibraryCloud | Other errors: OpenLibrary: name 'validate_lccn' is not defined ; Library of Congress: Remote end closed connection without response ; Oxford: Z39.50 support not available - install PyZ3950 ; Toronto: Z39.50 support not available - install PyZ3950 ; NYC: Z39.50 support not available - install PyZ3950 ; UAlberta: Z39.50 support not available - install PyZ3950 ; ashalumni: Z39.50 support not available - install PyZ3950
9789637043253	ashalumni	2026-03-03T20:55:32+00:00	1	Not found in: Harvard LibraryCloud, Library of Congress | Other errors: OpenLibrary: name 'validate_lccn' is not defined ; Oxford: Z39.50 support not available - install PyZ3950 ; Toronto: Z39.50 support not available - install PyZ3950 ; NYC: Z39.50 support not available - install PyZ3950 ; UAlberta: Z39.50 support not available - install PyZ3950 ; ashalumni: Z39.50 support not available - install PyZ3950
9789638747228	ashalumni	2026-03-03T20:55:34+00:00	1	Not found in: Harvard LibraryCloud | Other errors: OpenLibrary: name 'validate_lccn' is not defined ; Library of Congress: Remote end closed connection without response ; Oxford: Z39.50 support not available - install PyZ3950 ; Toronto: Z39.50 support not available - install PyZ3950 ; NYC: Z39.50 support not available - install PyZ3950 ; UAlberta: Z39.50 support not available - install PyZ3950 ; ashalumni: Z39.50 support not available - install PyZ3950
9789799420268	ashalumni	2026-03-03T20:55:36+00:00	1	Not found in: Harvard LibraryCloud | Other errors: OpenLibrary: name 'validate_lccn' is not defined ; Library of Congress: Remote end closed connection without response ; Oxford: Z39.50 support not available - install PyZ3950 ; Toronto: Z39.50 support not available - install PyZ3950 ; NYC: Z39.50 support not available - install PyZ3950 ; UAlberta: Z39.50 support not available - install PyZ3950 ; ashalumni: Z39.50 support not available - install PyZ3950
9789991939803	ashalumni	2026-03-03T20:55:38+00:00	1	Not found in: Harvard LibraryCloud | Other errors: OpenLibrary: name 'validate_lccn' is not defined ; Library of Congress: Remote end closed connection without response ; Oxford: Z39.50 support not available - install PyZ3950 ; Toronto: Z39.50 support not available - install PyZ3950 ; NYC: Z39.50 support not available - install PyZ3950 ; UAlberta: Z39.50 support not available - install PyZ3950 ; ashalumni: Z39.50 support not available - install PyZ3950
9789995738228	ashalumni	2026-03-03T20:55:45+00:00	1	Not found in: Harvard LibraryCloud | Other errors: OpenLibrary: name 'validate_lccn' is not defined ; Library of Congress: Remote end closed connection without response ; Oxford: Z39.50 support not available - install PyZ3950 ; Toronto: Z39.50 support not available - install PyZ3950 ; NYC: Z39.50 support not available - install PyZ3950 ; UAlberta: Z39.50 support not available - install PyZ3950 ; ashalumni: Z39.50 support not available - install PyZ3950
9780000000002	ashalumni	2026-03-03T20:55:58+00:00	1	Not found in: Harvard LibraryCloud, Library of Congress | Other errors: OpenLibrary: name 'validate_lccn' is not defined ; Oxford: Z39.50 support not available - install PyZ3950 ; Toronto: Z39.50 support not available - install PyZ3950 ; NYC: Z39.50 support not available - install PyZ3950 ; UAlberta: Z39.50 support not available - install PyZ3950 ; ashalumni: Z39.50 support not available - install PyZ3950
9780000001009	ashalumni	2026-03-03T20:56:08+00:00	1	Not found in: Harvard LibraryCloud, Library of Congress | Other errors: OpenLibrary: The read operation timed out ; Oxford: Z39.50 support not available - install PyZ3950 ; Toronto: Z39.50 support not available - install PyZ3950 ; NYC: Z39.50 support not available - install PyZ3950 ; UAlberta: Z39.50 support not available - install PyZ3950 ; ashalumni: Z39.50 support not available - install PyZ3950
9780000004567	ashalumni	2026-03-03T20:56:18+00:00	1	Not found in: Harvard LibraryCloud, Library of Congress | Other errors: OpenLibrary: name 'validate_lccn' is not defined ; Oxford: Z39.50 support not available - install PyZ3950 ; Toronto: Z39.50 support not available - install PyZ3950 ; NYC: Z39.50 support not available - install PyZ3950 ; UAlberta: Z39.50 support not available - install PyZ3950 ; ashalumni: Z39.50 support not available - install PyZ3950
9780000010001	ashalumni	2026-03-03T20:56:22+00:00	1	Not found in: Harvard LibraryCloud, Library of Congress | Other errors: OpenLibrary: name 'validate_lccn' is not defined ; Oxford: Z39.50 support not available - install PyZ3950 ; Toronto: Z39.50 support not available - install PyZ3950 ; NYC: Z39.50 support not available - install PyZ3950 ; UAlberta: Z39.50 support not available - install PyZ3950 ; ashalumni: Z39.50 support not available - install PyZ3950
9780000017796	ashalumni	2026-03-03T20:56:23+00:00	1	Not found in: OpenLibrary, Harvard LibraryCloud, Library of Congress | Other errors: Oxford: Z39.50 support not available - install PyZ3950 ; Toronto: Z39.50 support not available - install PyZ3950 ; NYC: Z39.50 support not available - install PyZ3950 ; UAlberta: Z39.50 support not available - install PyZ3950 ; ashalumni: Z39.50 support not available - install PyZ3950
9780000017802	ashalumni	2026-03-03T20:56:25+00:00	1	Not found in: OpenLibrary, Harvard LibraryCloud, Library of Congress | Other errors: Oxford: Z39.50 support not available - install PyZ3950 ; Toronto: Z39.50 support not available - install PyZ3950 ; NYC: Z39.50 support not available - install PyZ3950 ; UAlberta: Z39.50 support not available - install PyZ3950 ; ashalumni: Z39.50 support not available - install PyZ3950
9780000017819	ashalumni	2026-03-03T20:56:27+00:00	1	Not found in: OpenLibrary, Harvard LibraryCloud, Library of Congress | Other errors: Oxford: Z39.50 support not available - install PyZ3950 ; Toronto: Z39.50 support not available - install PyZ3950 ; NYC: Z39.50 support not available - install PyZ3950 ; UAlberta: Z39.50 support not available - install PyZ3950 ; ashalumni: Z39.50 support not available - install PyZ3950
9780000017826	ashalumni	2026-03-03T20:56:28+00:00	1	Not found in: OpenLibrary, Harvard LibraryCloud, Library of Congress | Other errors: Oxford: Z39.50 support not available - install PyZ3950 ; Toronto: Z39.50 support not available - install PyZ3950 ; NYC: Z39.50 support not available - install PyZ3950 ; UAlberta: Z39.50 support not available - install PyZ3950 ; ashalumni: Z39.50 support not available - install PyZ3950
9780000020017	ashalumni	2026-03-03T20:56:30+00:00	1	Not found in: OpenLibrary, Harvard LibraryCloud, Library of Congress | Other errors: Oxford: Z39.50 support not available - install PyZ3950 ; Toronto: Z39.50 support not available - install PyZ3950 ; NYC: Z39.50 support not available - install PyZ3950 ; UAlberta: Z39.50 support not available - install PyZ3950 ; ashalumni: Z39.50 support not available - install PyZ3950
9780000020055	ashalumni	2026-03-03T20:56:31+00:00	1	Not found in: OpenLibrary, Harvard LibraryCloud, Library of Congress | Other errors: Oxford: Z39.50 support not available - install PyZ3950 ; Toronto: Z39.50 support not available - install PyZ3950 ; NYC: Z39.50 support not available - install PyZ3950 ; UAlberta: Z39.50 support not available - install PyZ3950 ; ashalumni: Z39.50 support not available - install PyZ3950
9780000020130	ashalumni	2026-03-03T20:56:32+00:00	1	Not found in: OpenLibrary, Harvard LibraryCloud, Library of Congress | Other errors: Oxford: Z39.50 support not available - install PyZ3950 ; Toronto: Z39.50 support not available - install PyZ3950 ; NYC: Z39.50 support not available - install PyZ3950 ; UAlberta: Z39.50 support not available - install PyZ3950 ; ashalumni: Z39.50 support not available - install PyZ3950
9780000020147	ashalumni	2026-03-03T20:56:34+00:00	1	Not found in: OpenLibrary, Harvard LibraryCloud, Library of Congress | Other errors: Oxford: Z39.50 support not available - install PyZ3950 ; Toronto: Z39.50 support not available - install PyZ3950 ; NYC: Z39.50 support not available - install PyZ3950 ; UAlberta: Z39.50 support not available - install PyZ3950 ; ashalumni: Z39.50 support not available - install PyZ3950
9780000020154	ashalumni	2026-03-03T20:56:36+00:00	1	Not found in: Harvard LibraryCloud, Library of Congress | Other errors: OpenLibrary: name 'validate_lccn' is not defined ; Oxford: Z39.50 support not available - install PyZ3950 ; Toronto: Z39.50 support not available - install PyZ3950 ; NYC: Z39.50 support not available - install PyZ3950 ; UAlberta: Z39.50 support not available - install PyZ3950 ; ashalumni: Z39.50 support not available - install PyZ3950
9780000020161	ashalumni	2026-03-03T20:56:37+00:00	1	Not found in: OpenLibrary, Harvard LibraryCloud, Library of Congress | Other errors: Oxford: Z39.50 support not available - install PyZ3950 ; Toronto: Z39.50 support not available - install PyZ3950 ; NYC: Z39.50 support not available - install PyZ3950 ; UAlberta: Z39.50 support not available - install PyZ3950 ; ashalumni: Z39.50 support not available - install PyZ3950
9780000020185	ashalumni	2026-03-03T20:56:39+00:00	1	Not found in: OpenLibrary, Harvard LibraryCloud, Library of Congress | Other errors: Oxford: Z39.50 support not available - install PyZ3950 ; Toronto: Z39.50 support not available - install PyZ3950 ; NYC: Z39.50 support not available - install PyZ3950 ; UAlberta: Z39.50 support not available - install PyZ3950 ; ashalumni: Z39.50 support not available - install PyZ3950
9780000020208	ashalumni	2026-03-03T20:56:40+00:00	1	Not found in: OpenLibrary, Harvard LibraryCloud, Library of Congress | Other errors: Oxford: Z39.50 support not available - install PyZ3950 ; Toronto: Z39.50 support not available - install PyZ3950 ; NYC: Z39.50 support not available - install PyZ3950 ; UAlberta: Z39.50 support not available - install PyZ3950 ; ashalumni: Z39.50 support not available - install PyZ3950
9780000021021	ashalumni	2026-03-03T20:56:41+00:00	1	Not found in: OpenLibrary, Harvard LibraryCloud, Library of Congress | Other errors: Oxford: Z39.50 support not available - install PyZ3950 ; Toronto: Z39.50 support not available - install PyZ3950 ; NYC: Z39.50 support not available - install PyZ3950 ; UAlberta: Z39.50 support not available - install PyZ3950 ; ashalumni: Z39.50 support not available - install PyZ3950
9780000021038	ashalumni	2026-03-03T20:56:42+00:00	1	Not found in: OpenLibrary, Harvard LibraryCloud, Library of Congress | Other errors: Oxford: Z39.50 support not available - install PyZ3950 ; Toronto: Z39.50 support not available - install PyZ3950 ; NYC: Z39.50 support not available - install PyZ3950 ; UAlberta: Z39.50 support not available - install PyZ3950 ; ashalumni: Z39.50 support not available - install PyZ3950
9780000021175	ashalumni	2026-03-03T20:56:44+00:00	1	Not found in: OpenLibrary, Harvard LibraryCloud, Library of Congress | Other errors: Oxford: Z39.50 support not available - install PyZ3950 ; Toronto: Z39.50 support not available - install PyZ3950 ; NYC: Z39.50 support not available - install PyZ3950 ; UAlberta: Z39.50 support not available - install PyZ3950 ; ashalumni: Z39.50 support not available - install PyZ3950
9780000021182	ashalumni	2026-03-03T20:56:46+00:00	1	Not found in: OpenLibrary, Harvard LibraryCloud, Library of Congress | Other errors: Oxford: Z39.50 support not available - install PyZ3950 ; Toronto: Z39.50 support not available - install PyZ3950 ; NYC: Z39.50 support not available - install PyZ3950 ; UAlberta: Z39.50 support not available - install PyZ3950 ; ashalumni: Z39.50 support not available - install PyZ3950
9780000021205	ashalumni	2026-03-03T20:56:47+00:00	1	Not found in: OpenLibrary, Harvard LibraryCloud | Other errors: Library of Congress: Remote end closed connection without response ; Oxford: Z39.50 support not available - install PyZ3950 ; Toronto: Z39.50 support not available - install PyZ3950 ; NYC: Z39.50 support not available - install PyZ3950 ; UAlberta: Z39.50 support not available - install PyZ3950 ; ashalumni: Z39.50 support not available - install PyZ3950
9780000021243	ashalumni	2026-03-03T20:56:48+00:00	1	Not found in: OpenLibrary, Harvard LibraryCloud | Other errors: Library of Congress: Remote end closed connection without response ; Oxford: Z39.50 support not available - install PyZ3950 ; Toronto: Z39.50 support not available - install PyZ3950 ; NYC: Z39.50 support not available - install PyZ3950 ; UAlberta: Z39.50 support not available - install PyZ3950 ; ashalumni: Z39.50 support not available - install PyZ3950
9780000021250	ashalumni	2026-03-03T20:56:49+00:00	1	Not found in: OpenLibrary, Harvard LibraryCloud | Other errors: Library of Congress: Remote end closed connection without response ; Oxford: Z39.50 support not available - install PyZ3950 ; Toronto: Z39.50 support not available - install PyZ3950 ; NYC: Z39.50 support not available - install PyZ3950 ; UAlberta: Z39.50 support not available - install PyZ3950 ; ashalumni: Z39.50 support not available - install PyZ3950
9780000021281	ashalumni	2026-03-03T20:56:51+00:00	1	Not found in: Harvard LibraryCloud | Other errors: OpenLibrary: name 'validate_lccn' is not defined ; Library of Congress: Remote end closed connection without response ; Oxford: Z39.50 support not available - install PyZ3950 ; Toronto: Z39.50 support not available - install PyZ3950 ; NYC: Z39.50 support not available - install PyZ3950 ; UAlberta: Z39.50 support not available - install PyZ3950 ; ashalumni: Z39.50 support not available - install PyZ3950
9780000022011	ashalumni	2026-03-03T20:56:52+00:00	1	Not found in: OpenLibrary, Harvard LibraryCloud | Other errors: Library of Congress: Remote end closed connection without response ; Oxford: Z39.50 support not available - install PyZ3950 ; Toronto: Z39.50 support not available - install PyZ3950 ; NYC: Z39.50 support not available - install PyZ3950 ; UAlberta: Z39.50 support not available - install PyZ3950 ; ashalumni: Z39.50 support not available - install PyZ3950
9780000022073	ashalumni	2026-03-03T20:56:53+00:00	1	Not found in: OpenLibrary, Harvard LibraryCloud | Other errors: Library of Congress: Remote end closed connection without response ; Oxford: Z39.50 support not available - install PyZ3950 ; Toronto: Z39.50 support not available - install PyZ3950 ; NYC: Z39.50 support not available - install PyZ3950 ; UAlberta: Z39.50 support not available - install PyZ3950 ; ashalumni: Z39.50 support not available - install PyZ3950
9780000022080	ashalumni	2026-03-03T20:56:54+00:00	1	Not found in: OpenLibrary, Harvard LibraryCloud | Other errors: Library of Congress: [WinError 10054] An existing connection was forcibly closed by the remote host ; Oxford: Z39.50 support not available - install PyZ3950 ; Toronto: Z39.50 support not available - install PyZ3950 ; NYC: Z39.50 support not available - install PyZ3950 ; UAlberta: Z39.50 support not available - install PyZ3950 ; ashalumni: Z39.50 support not available - install PyZ3950
9780000022110	ashalumni	2026-03-03T20:56:56+00:00	1	Not found in: OpenLibrary, Harvard LibraryCloud | Other errors: Library of Congress: Remote end closed connection without response ; Oxford: Z39.50 support not available - install PyZ3950 ; Toronto: Z39.50 support not available - install PyZ3950 ; NYC: Z39.50 support not available - install PyZ3950 ; UAlberta: Z39.50 support not available - install PyZ3950 ; ashalumni: Z39.50 support not available - install PyZ3950
9780000022127	ashalumni	2026-03-03T20:56:57+00:00	1	Not found in: OpenLibrary, Harvard LibraryCloud | Other errors: Library of Congress: Remote end closed connection without response ; Oxford: Z39.50 support not available - install PyZ3950 ; Toronto: Z39.50 support not available - install PyZ3950 ; NYC: Z39.50 support not available - install PyZ3950 ; UAlberta: Z39.50 support not available - install PyZ3950 ; ashalumni: Z39.50 support not available - install PyZ3950
9780000023018	ashalumni	2026-03-03T20:56:58+00:00	1	Not found in: Harvard LibraryCloud, Library of Congress | Other errors: OpenLibrary: name 'validate_lccn' is not defined ; Oxford: Z39.50 support not available - install PyZ3950 ; Toronto: Z39.50 support not available - install PyZ3950 ; NYC: Z39.50 support not available - install PyZ3950 ; UAlberta: Z39.50 support not available - install PyZ3950 ; ashalumni: Z39.50 support not available - install PyZ3950
9780000023025	ashalumni	2026-03-03T20:57:00+00:00	1	Not found in: OpenLibrary, Harvard LibraryCloud | Other errors: Library of Congress: Remote end closed connection without response ; Oxford: Z39.50 support not available - install PyZ3950 ; Toronto: Z39.50 support not available - install PyZ3950 ; NYC: Z39.50 support not available - install PyZ3950 ; UAlberta: Z39.50 support not available - install PyZ3950 ; ashalumni: Z39.50 support not available - install PyZ3950
9780000023032	ashalumni	2026-03-03T20:57:01+00:00	1	Not found in: OpenLibrary, Harvard LibraryCloud | Other errors: Library of Congress: Remote end closed connection without response ; Oxford: Z39.50 support not available - install PyZ3950 ; Toronto: Z39.50 support not available - install PyZ3950 ; NYC: Z39.50 support not available - install PyZ3950 ; UAlberta: Z39.50 support not available - install PyZ3950 ; ashalumni: Z39.50 support not available - install PyZ3950
9780000023049	ashalumni	2026-03-03T20:57:03+00:00	1	Not found in: Harvard LibraryCloud | Other errors: OpenLibrary: name 'validate_lccn' is not defined ; Library of Congress: [WinError 10054] An existing connection was forcibly closed by the remote host ; Oxford: Z39.50 support not available - install PyZ3950 ; Toronto: Z39.50 support not available - install PyZ3950 ; NYC: Z39.50 support not available - install PyZ3950 ; UAlberta: Z39.50 support not available - install PyZ3950 ; ashalumni: Z39.50 support not available - install PyZ3950
9780000023056	ashalumni	2026-03-03T20:57:04+00:00	1	Not found in: OpenLibrary, Harvard LibraryCloud | Other errors: Library of Congress: Remote end closed connection without response ; Oxford: Z39.50 support not available - install PyZ3950 ; Toronto: Z39.50 support not available - install PyZ3950 ; NYC: Z39.50 support not available - install PyZ3950 ; UAlberta: Z39.50 support not available - install PyZ3950 ; ashalumni: Z39.50 support not available - install PyZ3950
9780000023070	ashalumni	2026-03-03T20:57:05+00:00	1	Not found in: OpenLibrary, Harvard LibraryCloud | Other errors: Library of Congress: Remote end closed connection without response ; Oxford: Z39.50 support not available - install PyZ3950 ; Toronto: Z39.50 support not available - install PyZ3950 ; NYC: Z39.50 support not available - install PyZ3950 ; UAlberta: Z39.50 support not available - install PyZ3950 ; ashalumni: Z39.50 support not available - install PyZ3950
9780000039040	ashalumni	2026-03-03T20:57:07+00:00	1	Not found in: Harvard LibraryCloud, Library of Congress | Other errors: OpenLibrary: name 'validate_lccn' is not defined ; Oxford: Z39.50 support not available - install PyZ3950 ; Toronto: Z39.50 support not available - install PyZ3950 ; NYC: Z39.50 support not available - install PyZ3950 ; UAlberta: Z39.50 support not available - install PyZ3950 ; ashalumni: Z39.50 support not available - install PyZ3950
9780000072535	ashalumni	2026-03-03T20:57:09+00:00	1	Not found in: OpenLibrary, Harvard LibraryCloud | Other errors: Library of Congress: Remote end closed connection without response ; Oxford: Z39.50 support not available - install PyZ3950 ; Toronto: Z39.50 support not available - install PyZ3950 ; NYC: Z39.50 support not available - install PyZ3950 ; UAlberta: Z39.50 support not available - install PyZ3950 ; ashalumni: Z39.50 support not available - install PyZ3950
9780000126832	ashalumni	2026-03-03T20:57:11+00:00	1	Not found in: Harvard LibraryCloud | Other errors: OpenLibrary: name 'validate_lccn' is not defined ; Library of Congress: Remote end closed connection without response ; Oxford: Z39.50 support not available - install PyZ3950 ; Toronto: Z39.50 support not available - install PyZ3950 ; NYC: Z39.50 support not available - install PyZ3950 ; UAlberta: Z39.50 support not available - install PyZ3950 ; ashalumni: Z39.50 support not available - install PyZ3950
9780000135629	ashalumni	2026-03-03T20:57:13+00:00	1	Not found in: Harvard LibraryCloud | Other errors: OpenLibrary: name 'validate_lccn' is not defined ; Library of Congress: Remote end closed connection without response ; Oxford: Z39.50 support not available - install PyZ3950 ; Toronto: Z39.50 support not available - install PyZ3950 ; NYC: Z39.50 support not available - install PyZ3950 ; UAlberta: Z39.50 support not available - install PyZ3950 ; ashalumni: Z39.50 support not available - install PyZ3950
9780000135773	ashalumni	2026-03-03T20:57:14+00:00	1	Not found in: Harvard LibraryCloud | Other errors: OpenLibrary: name 'validate_lccn' is not defined ; Library of Congress: Remote end closed connection without response ; Oxford: Z39.50 support not available - install PyZ3950 ; Toronto: Z39.50 support not available - install PyZ3950 ; NYC: Z39.50 support not available - install PyZ3950 ; UAlberta: Z39.50 support not available - install PyZ3950 ; ashalumni: Z39.50 support not available - install PyZ3950
9780000137029	ashalumni	2026-03-03T20:57:16+00:00	1	Not found in: Harvard LibraryCloud | Other errors: OpenLibrary: name 'validate_lccn' is not defined ; Library of Congress: Remote end closed connection without response ; Oxford: Z39.50 support not available - install PyZ3950 ; Toronto: Z39.50 support not available - install PyZ3950 ; NYC: Z39.50 support not available - install PyZ3950 ; UAlberta: Z39.50 support not available - install PyZ3950 ; ashalumni: Z39.50 support not available - install PyZ3950
9780000164742	ashalumni	2026-03-03T20:57:17+00:00	1	Not found in: OpenLibrary, Harvard LibraryCloud | Other errors: Library of Congress: Remote end closed connection without response ; Oxford: Z39.50 support not available - install PyZ3950 ; Toronto: Z39.50 support not available - install PyZ3950 ; NYC: Z39.50 support not available - install PyZ3950 ; UAlberta: Z39.50 support not available - install PyZ3950 ; ashalumni: Z39.50 support not available - install PyZ3950
9780000169921	ashalumni	2026-03-03T20:57:19+00:00	1	Not found in: Harvard LibraryCloud, Library of Congress | Other errors: OpenLibrary: name 'validate_lccn' is not defined ; Oxford: Z39.50 support not available - install PyZ3950 ; Toronto: Z39.50 support not available - install PyZ3950 ; NYC: Z39.50 support not available - install PyZ3950 ; UAlberta: Z39.50 support not available - install PyZ3950 ; ashalumni: Z39.50 support not available - install PyZ3950
9780000172105	ashalumni	2026-03-03T20:57:20+00:00	1	Not found in: Harvard LibraryCloud | Other errors: OpenLibrary: name 'validate_lccn' is not defined ; Library of Congress: Remote end closed connection without response ; Oxford: Z39.50 support not available - install PyZ3950 ; Toronto: Z39.50 support not available - install PyZ3950 ; NYC: Z39.50 support not available - install PyZ3950 ; UAlberta: Z39.50 support not available - install PyZ3950 ; ashalumni: Z39.50 support not available - install PyZ3950
9780000172846	ashalumni	2026-03-03T20:57:22+00:00	1	Not found in: Harvard LibraryCloud, Library of Congress | Other errors: OpenLibrary: name 'validate_lccn' is not defined ; Oxford: Z39.50 support not available - install PyZ3950 ; Toronto: Z39.50 support not available - install PyZ3950 ; NYC: Z39.50 support not available - install PyZ3950 ; UAlberta: Z39.50 support not available - install PyZ3950 ; ashalumni: Z39.50 support not available - install PyZ3950
9780000172938	ashalumni	2026-03-03T20:57:24+00:00	1	Not found in: Harvard LibraryCloud, Library of Congress | Other errors: OpenLibrary: name 'validate_lccn' is not defined ; Oxford: Z39.50 support not available - install PyZ3950 ; Toronto: Z39.50 support not available - install PyZ3950 ; NYC: Z39.50 support not available - install PyZ3950 ; UAlberta: Z39.50 support not available - install PyZ3950 ; ashalumni: Z39.50 support not available - install PyZ3950
9780000177070	ashalumni	2026-03-03T20:57:26+00:00	1	Not found in: OpenLibrary, Harvard LibraryCloud, Library of Congress | Other errors: Oxford: Z39.50 support not available - install PyZ3950 ; Toronto: Z39.50 support not available - install PyZ3950 ; NYC: Z39.50 support not available - install PyZ3950 ; UAlberta: Z39.50 support not available - install PyZ3950 ; ashalumni: Z39.50 support not available - install PyZ3950
9780000177100	ashalumni	2026-03-03T20:57:27+00:00	1	Not found in: OpenLibrary, Harvard LibraryCloud, Library of Congress | Other errors: Oxford: Z39.50 support not available - install PyZ3950 ; Toronto: Z39.50 support not available - install PyZ3950 ; NYC: Z39.50 support not available - install PyZ3950 ; UAlberta: Z39.50 support not available - install PyZ3950 ; ashalumni: Z39.50 support not available - install PyZ3950
9780000177216	ashalumni	2026-03-03T20:57:28+00:00	1	Not found in: Harvard LibraryCloud | Other errors: OpenLibrary: name 'validate_lccn' is not defined ; Library of Congress: Remote end closed connection without response ; Oxford: Z39.50 support not available - install PyZ3950 ; Toronto: Z39.50 support not available - install PyZ3950 ; NYC: Z39.50 support not available - install PyZ3950 ; UAlberta: Z39.50 support not available - install PyZ3950 ; ashalumni: Z39.50 support not available - install PyZ3950
9780000180285	ashalumni	2026-03-03T20:57:30+00:00	1	Not found in: Harvard LibraryCloud, Library of Congress | Other errors: OpenLibrary: name 'validate_lccn' is not defined ; Oxford: Z39.50 support not available - install PyZ3950 ; Toronto: Z39.50 support not available - install PyZ3950 ; NYC: Z39.50 support not available - install PyZ3950 ; UAlberta: Z39.50 support not available - install PyZ3950 ; ashalumni: Z39.50 support not available - install PyZ3950
9780000186027	ashalumni	2026-03-03T20:57:32+00:00	1	Not found in: Harvard LibraryCloud, Library of Congress | Other errors: OpenLibrary: name 'validate_lccn' is not defined ; Oxford: Z39.50 support not available - install PyZ3950 ; Toronto: Z39.50 support not available - install PyZ3950 ; NYC: Z39.50 support not available - install PyZ3950 ; UAlberta: Z39.50 support not available - install PyZ3950 ; ashalumni: Z39.50 support not available - install PyZ3950
9780000186416	ashalumni	2026-03-03T20:57:34+00:00	1	Not found in: Harvard LibraryCloud, Library of Congress | Other errors: OpenLibrary: name 'validate_lccn' is not defined ; Oxford: Z39.50 support not available - install PyZ3950 ; Toronto: Z39.50 support not available - install PyZ3950 ; NYC: Z39.50 support not available - install PyZ3950 ; UAlberta: Z39.50 support not available - install PyZ3950 ; ashalumni: Z39.50 support not available - install PyZ3950
9780000188106	ashalumni	2026-03-03T20:57:35+00:00	1	Not found in: Harvard LibraryCloud, Library of Congress | Other errors: OpenLibrary: name 'validate_lccn' is not defined ; Oxford: Z39.50 support not available - install PyZ3950 ; Toronto: Z39.50 support not available - install PyZ3950 ; NYC: Z39.50 support not available - install PyZ3950 ; UAlberta: Z39.50 support not available - install PyZ3950 ; ashalumni: Z39.50 support not available - install PyZ3950
9780000188755	ashalumni	2026-03-03T20:57:38+00:00	1	Not found in: Harvard LibraryCloud, Library of Congress | Other errors: OpenLibrary: name 'validate_lccn' is not defined ; Oxford: Z39.50 support not available - install PyZ3950 ; Toronto: Z39.50 support not available - install PyZ3950 ; NYC: Z39.50 support not available - install PyZ3950 ; UAlberta: Z39.50 support not available - install PyZ3950 ; ashalumni: Z39.50 support not available - install PyZ3950
9780000194695	ashalumni	2026-03-03T20:57:46+00:00	1	Not found in: Harvard LibraryCloud, Library of Congress | Other errors: OpenLibrary: name 'validate_lccn' is not defined ; Oxford: Z39.50 support not available - install PyZ3950 ; Toronto: Z39.50 support not available - install PyZ3950 ; NYC: Z39.50 support not available - install PyZ3950 ; UAlberta: Z39.50 support not available - install PyZ3950 ; ashalumni: Z39.50 support not available - install PyZ3950
9780000198440	ashalumni	2026-03-03T20:57:47+00:00	1	Not found in: Harvard LibraryCloud, Library of Congress | Other errors: OpenLibrary: name 'validate_lccn' is not defined ; Oxford: Z39.50 support not available - install PyZ3950 ; Toronto: Z39.50 support not available - install PyZ3950 ; NYC: Z39.50 support not available - install PyZ3950 ; UAlberta: Z39.50 support not available - install PyZ3950 ; ashalumni: Z39.50 support not available - install PyZ3950
9780000204264	ashalumni	2026-03-03T20:57:50+00:00	1	Not found in: OpenLibrary, Harvard LibraryCloud, Library of Congress | Other errors: Oxford: Z39.50 support not available - install PyZ3950 ; Toronto: Z39.50 support not available - install PyZ3950 ; NYC: Z39.50 support not available - install PyZ3950 ; UAlberta: Z39.50 support not available - install PyZ3950 ; ashalumni: Z39.50 support not available - install PyZ3950
9780000210777	ashalumni	2026-03-03T20:57:51+00:00	1	Not found in: Harvard LibraryCloud, Library of Congress | Other errors: OpenLibrary: name 'validate_lccn' is not defined ; Oxford: Z39.50 support not available - install PyZ3950 ; Toronto: Z39.50 support not available - install PyZ3950 ; NYC: Z39.50 support not available - install PyZ3950 ; UAlberta: Z39.50 support not available - install PyZ3950 ; ashalumni: Z39.50 support not available - install PyZ3950
9780000278715	ashalumni	2026-03-03T20:57:53+00:00	1	Not found in: Harvard LibraryCloud | Other errors: OpenLibrary: name 'validate_lccn' is not defined ; Library of Congress: Remote end closed connection without response ; Oxford: Z39.50 support not available - install PyZ3950 ; Toronto: Z39.50 support not available - install PyZ3950 ; NYC: Z39.50 support not available - install PyZ3950 ; UAlberta: Z39.50 support not available - install PyZ3950 ; ashalumni: Z39.50 support not available - install PyZ3950
9780000555014	ashalumni	2026-03-03T20:57:54+00:00	1	Not found in: Harvard LibraryCloud | Other errors: OpenLibrary: name 'validate_lccn' is not defined ; Library of Congress: Remote end closed connection without response ; Oxford: Z39.50 support not available - install PyZ3950 ; Toronto: Z39.50 support not available - install PyZ3950 ; NYC: Z39.50 support not available - install PyZ3950 ; UAlberta: Z39.50 support not available - install PyZ3950 ; ashalumni: Z39.50 support not available - install PyZ3950
9780000659453	ashalumni	2026-03-03T20:57:57+00:00	1	Not found in: Harvard LibraryCloud | Other errors: OpenLibrary: name 'validate_lccn' is not defined ; Library of Congress: [WinError 10054] An existing connection was forcibly closed by the remote host ; Oxford: Z39.50 support not available - install PyZ3950 ; Toronto: Z39.50 support not available - install PyZ3950 ; NYC: Z39.50 support not available - install PyZ3950 ; UAlberta: Z39.50 support not available - install PyZ3950 ; ashalumni: Z39.50 support not available - install PyZ3950
9780000901088	ashalumni	2026-03-03T20:58:00+00:00	1	Not found in: OpenLibrary, Harvard LibraryCloud, Library of Congress | Other errors: Oxford: Z39.50 support not available - install PyZ3950 ; Toronto: Z39.50 support not available - install PyZ3950 ; NYC: Z39.50 support not available - install PyZ3950 ; UAlberta: Z39.50 support not available - install PyZ3950 ; ashalumni: Z39.50 support not available - install PyZ3950
9780000901095	ashalumni	2026-03-03T20:58:02+00:00	1	Not found in: OpenLibrary, Harvard LibraryCloud | Other errors: Library of Congress: Remote end closed connection without response ; Oxford: Z39.50 support not available - install PyZ3950 ; Toronto: Z39.50 support not available - install PyZ3950 ; NYC: Z39.50 support not available - install PyZ3950 ; UAlberta: Z39.50 support not available - install PyZ3950 ; ashalumni: Z39.50 support not available - install PyZ3950
9780000901101	ashalumni	2026-03-03T20:58:04+00:00	1	Not found in: OpenLibrary, Harvard LibraryCloud | Other errors: Library of Congress: Remote end closed connection without response ; Oxford: Z39.50 support not available - install PyZ3950 ; Toronto: Z39.50 support not available - install PyZ3950 ; NYC: Z39.50 support not available - install PyZ3950 ; UAlberta: Z39.50 support not available - install PyZ3950 ; ashalumni: Z39.50 support not available - install PyZ3950
9780000901125	ashalumni	2026-03-03T20:58:06+00:00	1	Not found in: OpenLibrary, Harvard LibraryCloud | Other errors: Library of Congress: Remote end closed connection without response ; Oxford: Z39.50 support not available - install PyZ3950 ; Toronto: Z39.50 support not available - install PyZ3950 ; NYC: Z39.50 support not available - install PyZ3950 ; UAlberta: Z39.50 support not available - install PyZ3950 ; ashalumni: Z39.50 support not available - install PyZ3950
9780000901132	ashalumni	2026-03-03T20:58:07+00:00	1	Not found in: OpenLibrary, Harvard LibraryCloud, Library of Congress | Other errors: Oxford: Z39.50 support not available - install PyZ3950 ; Toronto: Z39.50 support not available - install PyZ3950 ; NYC: Z39.50 support not available - install PyZ3950 ; UAlberta: Z39.50 support not available - install PyZ3950 ; ashalumni: Z39.50 support not available - install PyZ3950
9780000901149	ashalumni	2026-03-03T20:58:09+00:00	1	Not found in: OpenLibrary, Harvard LibraryCloud | Other errors: Library of Congress: Remote end closed connection without response ; Oxford: Z39.50 support not available - install PyZ3950 ; Toronto: Z39.50 support not available - install PyZ3950 ; NYC: Z39.50 support not available - install PyZ3950 ; UAlberta: Z39.50 support not available - install PyZ3950 ; ashalumni: Z39.50 support not available - install PyZ3950
9780000901163	ashalumni	2026-03-03T20:58:11+00:00	1	Not found in: OpenLibrary, Harvard LibraryCloud | Other errors: Library of Congress: Remote end closed connection without response ; Oxford: Z39.50 support not available - install PyZ3950 ; Toronto: Z39.50 support not available - install PyZ3950 ; NYC: Z39.50 support not available - install PyZ3950 ; UAlberta: Z39.50 support not available - install PyZ3950 ; ashalumni: Z39.50 support not available - install PyZ3950
9780000901170	ashalumni	2026-03-03T20:58:13+00:00	1	Not found in: OpenLibrary, Harvard LibraryCloud | Other errors: Library of Congress: Remote end closed connection without response ; Oxford: Z39.50 support not available - install PyZ3950 ; Toronto: Z39.50 support not available - install PyZ3950 ; NYC: Z39.50 support not available - install PyZ3950 ; UAlberta: Z39.50 support not available - install PyZ3950 ; ashalumni: Z39.50 support not available - install PyZ3950
9780000901187	ashalumni	2026-03-03T20:58:16+00:00	1	Not found in: OpenLibrary, Harvard LibraryCloud | Other errors: Library of Congress: Remote end closed connection without response ; Oxford: Z39.50 support not available - install PyZ3950 ; Toronto: Z39.50 support not available - install PyZ3950 ; NYC: Z39.50 support not available - install PyZ3950 ; UAlberta: Z39.50 support not available - install PyZ3950 ; ashalumni: Z39.50 support not available - install PyZ3950
9780000901194	ashalumni	2026-03-03T20:58:17+00:00	1	Not found in: OpenLibrary, Harvard LibraryCloud | Other errors: Library of Congress: Remote end closed connection without response ; Oxford: Z39.50 support not available - install PyZ3950 ; Toronto: Z39.50 support not available - install PyZ3950 ; NYC: Z39.50 support not available - install PyZ3950 ; UAlberta: Z39.50 support not available - install PyZ3950 ; ashalumni: Z39.50 support not available - install PyZ3950
9780001011458	ashalumni	2026-03-03T20:58:25+00:00	1	Not found in: Harvard LibraryCloud, Library of Congress | Other errors: OpenLibrary: name 'validate_lccn' is not defined ; Oxford: Z39.50 support not available - install PyZ3950 ; Toronto: Z39.50 support not available - install PyZ3950 ; NYC: Z39.50 support not available - install PyZ3950 ; UAlberta: Z39.50 support not available - install PyZ3950 ; ashalumni: Z39.50 support not available - install PyZ3950
9780001015227	ashalumni	2026-03-03T20:58:36+00:00	1	Not found in: Harvard LibraryCloud, Library of Congress | Other errors: OpenLibrary: name 'validate_lccn' is not defined ; Oxford: Z39.50 support not available - install PyZ3950 ; Toronto: Z39.50 support not available - install PyZ3950 ; NYC: Z39.50 support not available - install PyZ3950 ; UAlberta: Z39.50 support not available - install PyZ3950 ; ashalumni: Z39.50 support not available - install PyZ3950
9780001015234	ashalumni	2026-03-03T20:58:43+00:00	1	Not found in: Harvard LibraryCloud, Library of Congress | Other errors: OpenLibrary: name 'validate_lccn' is not defined ; Oxford: Z39.50 support not available - install PyZ3950 ; Toronto: Z39.50 support not available - install PyZ3950 ; NYC: Z39.50 support not available - install PyZ3950 ; UAlberta: Z39.50 support not available - install PyZ3950 ; ashalumni: Z39.50 support not available - install PyZ3950
9780001335813	ashalumni	2026-03-03T20:58:51+00:00	1	Not found in: Harvard LibraryCloud, Library of Congress | Other errors: OpenLibrary: name 'validate_lccn' is not defined ; Oxford: Z39.50 support not available - install PyZ3950 ; Toronto: Z39.50 support not available - install PyZ3950 ; NYC: Z39.50 support not available - install PyZ3950 ; UAlberta: Z39.50 support not available - install PyZ3950 ; ashalumni: Z39.50 support not available - install PyZ3950
9780001982925	ashalumni	2026-03-03T20:58:53+00:00	1	Not found in: Harvard LibraryCloud, Library of Congress | Other errors: OpenLibrary: name 'validate_lccn' is not defined ; Oxford: Z39.50 support not available - install PyZ3950 ; Toronto: Z39.50 support not available - install PyZ3950 ; NYC: Z39.50 support not available - install PyZ3950 ; UAlberta: Z39.50 support not available - install PyZ3950 ; ashalumni: Z39.50 support not available - install PyZ3950
9780002005289	ashalumni	2026-03-03T20:58:57+00:00	1	Not found in: Harvard LibraryCloud, Library of Congress | Other errors: OpenLibrary: name 'validate_lccn' is not defined ; Oxford: Z39.50 support not available - install PyZ3950 ; Toronto: Z39.50 support not available - install PyZ3950 ; NYC: Z39.50 support not available - install PyZ3950 ; UAlberta: Z39.50 support not available - install PyZ3950 ; ashalumni: Z39.50 support not available - install PyZ3950
9780002005401	ashalumni	2026-03-03T20:58:59+00:00	1	Not found in: Harvard LibraryCloud, Library of Congress | Other errors: OpenLibrary: name 'validate_lccn' is not defined ; Oxford: Z39.50 support not available - install PyZ3950 ; Toronto: Z39.50 support not available - install PyZ3950 ; NYC: Z39.50 support not available - install PyZ3950 ; UAlberta: Z39.50 support not available - install PyZ3950 ; ashalumni: Z39.50 support not available - install PyZ3950
9780002005425	ashalumni	2026-03-03T20:59:02+00:00	1	Not found in: Harvard LibraryCloud, Library of Congress | Other errors: OpenLibrary: name 'validate_lccn' is not defined ; Oxford: Z39.50 support not available - install PyZ3950 ; Toronto: Z39.50 support not available - install PyZ3950 ; NYC: Z39.50 support not available - install PyZ3950 ; UAlberta: Z39.50 support not available - install PyZ3950 ; ashalumni: Z39.50 support not available - install PyZ3950
9780002005531	ashalumni	2026-03-03T20:59:04+00:00	1	Not found in: Harvard LibraryCloud, Library of Congress | Other errors: OpenLibrary: name 'validate_lccn' is not defined ; Oxford: Z39.50 support not available - install PyZ3950 ; Toronto: Z39.50 support not available - install PyZ3950 ; NYC: Z39.50 support not available - install PyZ3950 ; UAlberta: Z39.50 support not available - install PyZ3950 ; ashalumni: Z39.50 support not available - install PyZ3950
9780002005579	ashalumni	2026-03-03T20:59:05+00:00	1	Not found in: Harvard LibraryCloud, Library of Congress | Other errors: OpenLibrary: name 'validate_lccn' is not defined ; Oxford: Z39.50 support not available - install PyZ3950 ; Toronto: Z39.50 support not available - install PyZ3950 ; NYC: Z39.50 support not available - install PyZ3950 ; UAlberta: Z39.50 support not available - install PyZ3950 ; ashalumni: Z39.50 support not available - install PyZ3950
9780002005647	ashalumni	2026-03-03T20:59:06+00:00	1	Not found in: Harvard LibraryCloud, Library of Congress | Other errors: OpenLibrary: name 'validate_lccn' is not defined ; Oxford: Z39.50 support not available - install PyZ3950 ; Toronto: Z39.50 support not available - install PyZ3950 ; NYC: Z39.50 support not available - install PyZ3950 ; UAlberta: Z39.50 support not available - install PyZ3950 ; ashalumni: Z39.50 support not available - install PyZ3950
9780002005654	ashalumni	2026-03-03T20:59:08+00:00	1	Not found in: Harvard LibraryCloud, Library of Congress | Other errors: OpenLibrary: name 'validate_lccn' is not defined ; Oxford: Z39.50 support not available - install PyZ3950 ; Toronto: Z39.50 support not available - install PyZ3950 ; NYC: Z39.50 support not available - install PyZ3950 ; UAlberta: Z39.50 support not available - install PyZ3950 ; ashalumni: Z39.50 support not available - install PyZ3950
9780002005661	ashalumni	2026-03-03T20:59:09+00:00	1	Not found in: Harvard LibraryCloud, Library of Congress | Other errors: OpenLibrary: name 'validate_lccn' is not defined ; Oxford: Z39.50 support not available - install PyZ3950 ; Toronto: Z39.50 support not available - install PyZ3950 ; NYC: Z39.50 support not available - install PyZ3950 ; UAlberta: Z39.50 support not available - install PyZ3950 ; ashalumni: Z39.50 support not available - install PyZ3950
9780002005807	ashalumni	2026-03-03T20:59:11+00:00	1	Not found in: Harvard LibraryCloud, Library of Congress | Other errors: OpenLibrary: name 'validate_lccn' is not defined ; Oxford: Z39.50 support not available - install PyZ3950 ; Toronto: Z39.50 support not available - install PyZ3950 ; NYC: Z39.50 support not available - install PyZ3950 ; UAlberta: Z39.50 support not available - install PyZ3950 ; ashalumni: Z39.50 support not available - install PyZ3950
9780002005838	ashalumni	2026-03-03T20:59:12+00:00	1	Not found in: Harvard LibraryCloud, Library of Congress | Other errors: OpenLibrary: name 'validate_lccn' is not defined ; Oxford: Z39.50 support not available - install PyZ3950 ; Toronto: Z39.50 support not available - install PyZ3950 ; NYC: Z39.50 support not available - install PyZ3950 ; UAlberta: Z39.50 support not available - install PyZ3950 ; ashalumni: Z39.50 support not available - install PyZ3950
9780002005845	ashalumni	2026-03-03T20:59:14+00:00	1	Not found in: Harvard LibraryCloud | Other errors: OpenLibrary: name 'validate_lccn' is not defined ; Library of Congress: Remote end closed connection without response ; Oxford: Z39.50 support not available - install PyZ3950 ; Toronto: Z39.50 support not available - install PyZ3950 ; NYC: Z39.50 support not available - install PyZ3950 ; UAlberta: Z39.50 support not available - install PyZ3950 ; ashalumni: Z39.50 support not available - install PyZ3950
9780002005869	ashalumni	2026-03-03T20:59:15+00:00	1	Not found in: Harvard LibraryCloud | Other errors: OpenLibrary: name 'validate_lccn' is not defined ; Library of Congress: Remote end closed connection without response ; Oxford: Z39.50 support not available - install PyZ3950 ; Toronto: Z39.50 support not available - install PyZ3950 ; NYC: Z39.50 support not available - install PyZ3950 ; UAlberta: Z39.50 support not available - install PyZ3950 ; ashalumni: Z39.50 support not available - install PyZ3950
9780002005890	ashalumni	2026-03-03T20:59:17+00:00	1	Not found in: Harvard LibraryCloud | Other errors: OpenLibrary: name 'validate_lccn' is not defined ; Library of Congress: Remote end closed connection without response ; Oxford: Z39.50 support not available - install PyZ3950 ; Toronto: Z39.50 support not available - install PyZ3950 ; NYC: Z39.50 support not available - install PyZ3950 ; UAlberta: Z39.50 support not available - install PyZ3950 ; ashalumni: Z39.50 support not available - install PyZ3950
9780002005906	ashalumni	2026-03-03T20:59:18+00:00	1	Not found in: Harvard LibraryCloud | Other errors: OpenLibrary: name 'validate_lccn' is not defined ; Library of Congress: Remote end closed connection without response ; Oxford: Z39.50 support not available - install PyZ3950 ; Toronto: Z39.50 support not available - install PyZ3950 ; NYC: Z39.50 support not available - install PyZ3950 ; UAlberta: Z39.50 support not available - install PyZ3950 ; ashalumni: Z39.50 support not available - install PyZ3950
9780002006002	ashalumni	2026-03-03T20:59:19+00:00	1	Not found in: Harvard LibraryCloud, Library of Congress | Other errors: OpenLibrary: name 'validate_lccn' is not defined ; Oxford: Z39.50 support not available - install PyZ3950 ; Toronto: Z39.50 support not available - install PyZ3950 ; NYC: Z39.50 support not available - install PyZ3950 ; UAlberta: Z39.50 support not available - install PyZ3950 ; ashalumni: Z39.50 support not available - install PyZ3950
9780002006057	ashalumni	2026-03-03T20:59:21+00:00	1	Not found in: Harvard LibraryCloud | Other errors: OpenLibrary: name 'validate_lccn' is not defined ; Library of Congress: [WinError 10054] An existing connection was forcibly closed by the remote host ; Oxford: Z39.50 support not available - install PyZ3950 ; Toronto: Z39.50 support not available - install PyZ3950 ; NYC: Z39.50 support not available - install PyZ3950 ; UAlberta: Z39.50 support not available - install PyZ3950 ; ashalumni: Z39.50 support not available - install PyZ3950
9780002006071	ashalumni	2026-03-03T20:59:22+00:00	1	Not found in: Harvard LibraryCloud | Other errors: OpenLibrary: name 'validate_lccn' is not defined ; Library of Congress: [WinError 10054] An existing connection was forcibly closed by the remote host ; Oxford: Z39.50 support not available - install PyZ3950 ; Toronto: Z39.50 support not available - install PyZ3950 ; NYC: Z39.50 support not available - install PyZ3950 ; UAlberta: Z39.50 support not available - install PyZ3950 ; ashalumni: Z39.50 support not available - install PyZ3950
9780002006101	ashalumni	2026-03-03T20:59:23+00:00	1	Not found in: Harvard LibraryCloud | Other errors: OpenLibrary: name 'validate_lccn' is not defined ; Library of Congress: Remote end closed connection without response ; Oxford: Z39.50 support not available - install PyZ3950 ; Toronto: Z39.50 support not available - install PyZ3950 ; NYC: Z39.50 support not available - install PyZ3950 ; UAlberta: Z39.50 support not available - install PyZ3950 ; ashalumni: Z39.50 support not available - install PyZ3950
9780002006262	ashalumni	2026-03-03T20:59:25+00:00	1	Not found in: Harvard LibraryCloud, Library of Congress | Other errors: OpenLibrary: name 'validate_lccn' is not defined ; Oxford: Z39.50 support not available - install PyZ3950 ; Toronto: Z39.50 support not available - install PyZ3950 ; NYC: Z39.50 support not available - install PyZ3950 ; UAlberta: Z39.50 support not available - install PyZ3950 ; ashalumni: Z39.50 support not available - install PyZ3950
9780002006309	ashalumni	2026-03-03T20:59:26+00:00	1	Not found in: Harvard LibraryCloud | Other errors: OpenLibrary: name 'validate_lccn' is not defined ; Library of Congress: Remote end closed connection without response ; Oxford: Z39.50 support not available - install PyZ3950 ; Toronto: Z39.50 support not available - install PyZ3950 ; NYC: Z39.50 support not available - install PyZ3950 ; UAlberta: Z39.50 support not available - install PyZ3950 ; ashalumni: Z39.50 support not available - install PyZ3950
9780002006569	ashalumni	2026-03-03T20:59:28+00:00	1	Not found in: Harvard LibraryCloud | Other errors: OpenLibrary: name 'validate_lccn' is not defined ; Library of Congress: Remote end closed connection without response ; Oxford: Z39.50 support not available - install PyZ3950 ; Toronto: Z39.50 support not available - install PyZ3950 ; NYC: Z39.50 support not available - install PyZ3950 ; UAlberta: Z39.50 support not available - install PyZ3950 ; ashalumni: Z39.50 support not available - install PyZ3950
9780002006897	ashalumni	2026-03-03T20:59:31+00:00	1	Not found in: Harvard LibraryCloud | Other errors: OpenLibrary: name 'validate_lccn' is not defined ; Library of Congress: Remote end closed connection without response ; Oxford: Z39.50 support not available - install PyZ3950 ; Toronto: Z39.50 support not available - install PyZ3950 ; NYC: Z39.50 support not available - install PyZ3950 ; UAlberta: Z39.50 support not available - install PyZ3950 ; ashalumni: Z39.50 support not available - install PyZ3950
9780002006903	ashalumni	2026-03-03T20:59:33+00:00	1	Not found in: Harvard LibraryCloud | Other errors: OpenLibrary: name 'validate_lccn' is not defined ; Library of Congress: Remote end closed connection without response ; Oxford: Z39.50 support not available - install PyZ3950 ; Toronto: Z39.50 support not available - install PyZ3950 ; NYC: Z39.50 support not available - install PyZ3950 ; UAlberta: Z39.50 support not available - install PyZ3950 ; ashalumni: Z39.50 support not available - install PyZ3950
9780002007023	ashalumni	2026-03-03T20:59:34+00:00	1	Not found in: Harvard LibraryCloud | Other errors: OpenLibrary: name 'validate_lccn' is not defined ; Library of Congress: Remote end closed connection without response ; Oxford: Z39.50 support not available - install PyZ3950 ; Toronto: Z39.50 support not available - install PyZ3950 ; NYC: Z39.50 support not available - install PyZ3950 ; UAlberta: Z39.50 support not available - install PyZ3950 ; ashalumni: Z39.50 support not available - install PyZ3950
9780002007054	ashalumni	2026-03-03T20:59:35+00:00	1	Not found in: Harvard LibraryCloud | Other errors: OpenLibrary: name 'validate_lccn' is not defined ; Library of Congress: Remote end closed connection without response ; Oxford: Z39.50 support not available - install PyZ3950 ; Toronto: Z39.50 support not available - install PyZ3950 ; NYC: Z39.50 support not available - install PyZ3950 ; UAlberta: Z39.50 support not available - install PyZ3950 ; ashalumni: Z39.50 support not available - install PyZ3950
9780002007146	ashalumni	2026-03-03T20:59:37+00:00	1	Not found in: Harvard LibraryCloud, Library of Congress | Other errors: OpenLibrary: name 'validate_lccn' is not defined ; Oxford: Z39.50 support not available - install PyZ3950 ; Toronto: Z39.50 support not available - install PyZ3950 ; NYC: Z39.50 support not available - install PyZ3950 ; UAlberta: Z39.50 support not available - install PyZ3950 ; ashalumni: Z39.50 support not available - install PyZ3950
9780002007184	ashalumni	2026-03-03T20:59:38+00:00	1	Not found in: Harvard LibraryCloud | Other errors: OpenLibrary: name 'validate_lccn' is not defined ; Library of Congress: Remote end closed connection without response ; Oxford: Z39.50 support not available - install PyZ3950 ; Toronto: Z39.50 support not available - install PyZ3950 ; NYC: Z39.50 support not available - install PyZ3950 ; UAlberta: Z39.50 support not available - install PyZ3950 ; ashalumni: Z39.50 support not available - install PyZ3950
9780002007207	ashalumni	2026-03-03T20:59:39+00:00	1	Not found in: Harvard LibraryCloud | Other errors: OpenLibrary: name 'validate_lccn' is not defined ; Library of Congress: Remote end closed connection without response ; Oxford: Z39.50 support not available - install PyZ3950 ; Toronto: Z39.50 support not available - install PyZ3950 ; NYC: Z39.50 support not available - install PyZ3950 ; UAlberta: Z39.50 support not available - install PyZ3950 ; ashalumni: Z39.50 support not available - install PyZ3950
9780002007238	ashalumni	2026-03-03T20:59:40+00:00	1	Not found in: Harvard LibraryCloud | Other errors: OpenLibrary: name 'validate_lccn' is not defined ; Library of Congress: Remote end closed connection without response ; Oxford: Z39.50 support not available - install PyZ3950 ; Toronto: Z39.50 support not available - install PyZ3950 ; NYC: Z39.50 support not available - install PyZ3950 ; UAlberta: Z39.50 support not available - install PyZ3950 ; ashalumni: Z39.50 support not available - install PyZ3950
9780002007245	ashalumni	2026-03-03T20:59:42+00:00	1	Not found in: Harvard LibraryCloud | Other errors: OpenLibrary: name 'validate_lccn' is not defined ; Library of Congress: Remote end closed connection without response ; Oxford: Z39.50 support not available - install PyZ3950 ; Toronto: Z39.50 support not available - install PyZ3950 ; NYC: Z39.50 support not available - install PyZ3950 ; UAlberta: Z39.50 support not available - install PyZ3950 ; ashalumni: Z39.50 support not available - install PyZ3950
9780002007269	ashalumni	2026-03-03T20:59:44+00:00	1	Not found in: Harvard LibraryCloud, Library of Congress | Other errors: OpenLibrary: name 'validate_lccn' is not defined ; Oxford: Z39.50 support not available - install PyZ3950 ; Toronto: Z39.50 support not available - install PyZ3950 ; NYC: Z39.50 support not available - install PyZ3950 ; UAlberta: Z39.50 support not available - install PyZ3950 ; ashalumni: Z39.50 support not available - install PyZ3950
9780002007283	ashalumni	2026-03-03T20:59:45+00:00	1	Not found in: Harvard LibraryCloud | Other errors: OpenLibrary: name 'validate_lccn' is not defined ; Library of Congress: [WinError 10054] An existing connection was forcibly closed by the remote host ; Oxford: Z39.50 support not available - install PyZ3950 ; Toronto: Z39.50 support not available - install PyZ3950 ; NYC: Z39.50 support not available - install PyZ3950 ; UAlberta: Z39.50 support not available - install PyZ3950 ; ashalumni: Z39.50 support not available - install PyZ3950
9780002007436	ashalumni	2026-03-03T20:59:48+00:00	1	Not found in: Harvard LibraryCloud, Library of Congress | Other errors: OpenLibrary: name 'validate_lccn' is not defined ; Oxford: Z39.50 support not available - install PyZ3950 ; Toronto: Z39.50 support not available - install PyZ3950 ; NYC: Z39.50 support not available - install PyZ3950 ; UAlberta: Z39.50 support not available - install PyZ3950 ; ashalumni: Z39.50 support not available - install PyZ3950
9780002007603	ashalumni	2026-03-03T20:59:50+00:00	1	Not found in: Harvard LibraryCloud | Other errors: OpenLibrary: name 'validate_lccn' is not defined ; Library of Congress: Remote end closed connection without response ; Oxford: Z39.50 support not available - install PyZ3950 ; Toronto: Z39.50 support not available - install PyZ3950 ; NYC: Z39.50 support not available - install PyZ3950 ; UAlberta: Z39.50 support not available - install PyZ3950 ; ashalumni: Z39.50 support not available - install PyZ3950
9780002007641	ashalumni	2026-03-03T20:59:52+00:00	1	Not found in: Harvard LibraryCloud, Library of Congress | Other errors: OpenLibrary: name 'validate_lccn' is not defined ; Oxford: Z39.50 support not available - install PyZ3950 ; Toronto: Z39.50 support not available - install PyZ3950 ; NYC: Z39.50 support not available - install PyZ3950 ; UAlberta: Z39.50 support not available - install PyZ3950 ; ashalumni: Z39.50 support not available - install PyZ3950
9780002007818	ashalumni	2026-03-03T20:59:55+00:00	1	Not found in: Harvard LibraryCloud | Other errors: OpenLibrary: name 'validate_lccn' is not defined ; Library of Congress: Remote end closed connection without response ; Oxford: Z39.50 support not available - install PyZ3950 ; Toronto: Z39.50 support not available - install PyZ3950 ; NYC: Z39.50 support not available - install PyZ3950 ; UAlberta: Z39.50 support not available - install PyZ3950 ; ashalumni: Z39.50 support not available - install PyZ3950
9780002007832	ashalumni	2026-03-03T20:59:57+00:00	1	Not found in: Harvard LibraryCloud, Library of Congress | Other errors: OpenLibrary: name 'validate_lccn' is not defined ; Oxford: Z39.50 support not available - install PyZ3950 ; Toronto: Z39.50 support not available - install PyZ3950 ; NYC: Z39.50 support not available - install PyZ3950 ; UAlberta: Z39.50 support not available - install PyZ3950 ; ashalumni: Z39.50 support not available - install PyZ3950
9780002007849	ashalumni	2026-03-03T20:59:58+00:00	1	Not found in: Harvard LibraryCloud | Other errors: OpenLibrary: name 'validate_lccn' is not defined ; Library of Congress: Remote end closed connection without response ; Oxford: Z39.50 support not available - install PyZ3950 ; Toronto: Z39.50 support not available - install PyZ3950 ; NYC: Z39.50 support not available - install PyZ3950 ; UAlberta: Z39.50 support not available - install PyZ3950 ; ashalumni: Z39.50 support not available - install PyZ3950
9780002007887	ashalumni	2026-03-03T20:59:59+00:00	1	Not found in: Harvard LibraryCloud, Library of Congress | Other errors: OpenLibrary: name 'validate_lccn' is not defined ; Oxford: Z39.50 support not available - install PyZ3950 ; Toronto: Z39.50 support not available - install PyZ3950 ; NYC: Z39.50 support not available - install PyZ3950 ; UAlberta: Z39.50 support not available - install PyZ3950 ; ashalumni: Z39.50 support not available - install PyZ3950
9780002007931	ashalumni	2026-03-03T21:00:01+00:00	1	Not found in: Harvard LibraryCloud | Other errors: OpenLibrary: name 'validate_lccn' is not defined ; Library of Congress: [WinError 10054] An existing connection was forcibly closed by the remote host ; Oxford: Z39.50 support not available - install PyZ3950 ; Toronto: Z39.50 support not available - install PyZ3950 ; NYC: Z39.50 support not available - install PyZ3950 ; UAlberta: Z39.50 support not available - install PyZ3950 ; ashalumni: Z39.50 support not available - install PyZ3950
9780002007993	ashalumni	2026-03-03T21:00:03+00:00	1	Not found in: Harvard LibraryCloud, Library of Congress | Other errors: OpenLibrary: name 'validate_lccn' is not defined ; Oxford: Z39.50 support not available - install PyZ3950 ; Toronto: Z39.50 support not available - install PyZ3950 ; NYC: Z39.50 support not available - install PyZ3950 ; UAlberta: Z39.50 support not available - install PyZ3950 ; ashalumni: Z39.50 support not available - install PyZ3950
9780002008136	ashalumni	2026-03-03T21:00:05+00:00	1	Not found in: Harvard LibraryCloud, Library of Congress | Other errors: OpenLibrary: name 'validate_lccn' is not defined ; Oxford: Z39.50 support not available - install PyZ3950 ; Toronto: Z39.50 support not available - install PyZ3950 ; NYC: Z39.50 support not available - install PyZ3950 ; UAlberta: Z39.50 support not available - install PyZ3950 ; ashalumni: Z39.50 support not available - install PyZ3950
9780002008310	ashalumni	2026-03-03T21:00:07+00:00	1	Not found in: Harvard LibraryCloud, Library of Congress | Other errors: OpenLibrary: name 'validate_lccn' is not defined ; Oxford: Z39.50 support not available - install PyZ3950 ; Toronto: Z39.50 support not available - install PyZ3950 ; NYC: Z39.50 support not available - install PyZ3950 ; UAlberta: Z39.50 support not available - install PyZ3950 ; ashalumni: Z39.50 support not available - install PyZ3950
